{
  "timestamp": "2026-02-10T14:10:07.219722",
  "directories": {
    "products": 9,
    "atomic-reactor": 14,
    "godmode": 8,
    "config": 2,
    "BMA_ACADEMY": 4,
    "mobile-command-center": 6,
    "crm": 8,
    "workflow-system": 15,
    "system-prompts": 1,
    "openclaw-config": 11,
    "empire-api": 2,
    "docs": 18,
    "warroom": 10,
    "brain-system": 11,
    "examples": 1,
    "scripts": 9,
    "mirror-system": 16,
    "gold-nuggets": 16,
    "kimi-swarm": 16,
    "x-lead-machine": 20,
    "n8n-workflows": 9,
    "output_universal": 5,
    "systems": 11,
    "antigravity": 32,
    "assets": 3
  },
  "total_files": 257,
  "recent_changes": [
    {
      "hash": "1ad03b84",
      "message": "🔧 God Mode Cleanup: 95% completion - all critical audit issues fixed",
      "date": "2026-02-10 13:57:04 +0100"
    },
    {
      "hash": "f6f51364",
      "message": "fix: nuke all 2200+ warnings",
      "date": "2026-02-10 10:30:15 +0100"
    },
    {
      "hash": "c02c6312",
      "message": "🧹 NUKED 163 issues → 0: Clean codebase",
      "date": "2026-02-10 01:31:26 +0100"
    },
    {
      "hash": "e35854e6",
      "message": "🚀 GO LIVE: Kimi Bridge + Universal Swarm + Stripe Payments + All Content Docs",
      "date": "2026-02-09 22:58:36 +0100"
    },
    {
      "hash": "5ed95c03",
      "message": "Merge pull request #26 from mauricepfeifer-ctrl/copilot/max-agents-spawn",
      "date": "2026-02-09 21:08:57 +0100"
    },
    {
      "hash": "41c1db8d",
      "message": "Merge pull request #27 from mauricepfeifer-ctrl/copilot/max-agents-spawned",
      "date": "2026-02-09 21:07:58 +0100"
    },
    {
      "hash": "5e54034c",
      "message": "Merge pull request #57 from mauricepfeifer-ctrl/copilot/test-telegram-connection",
      "date": "2026-02-09 20:33:00 +0100"
    },
    {
      "hash": "6399ed2d",
      "message": "Initial plan",
      "date": "2026-02-09 18:51:20 +0000"
    },
    {
      "hash": "f1c4943e",
      "message": "Merge pull request #54 from mauricepfeifer-ctrl/copilot/fix-automated-review-issues",
      "date": "2026-02-09 19:46:56 +0100"
    },
    {
      "hash": "4ffdfdd1",
      "message": "Merge pull request #55 from mauricepfeifer-ctrl/copilot/update-tet-response",
      "date": "2026-02-09 19:46:33 +0100"
    },
    {
      "hash": "7220e924",
      "message": "Initial plan",
      "date": "2026-02-09 18:45:42 +0000"
    },
    {
      "hash": "4eea9e6f",
      "message": "Initial plan",
      "date": "2026-02-09 18:45:21 +0000"
    },
    {
      "hash": "3e42c655",
      "message": "Merge pull request #53 from mauricepfeifer-ctrl/copilot/fix-reference-issue",
      "date": "2026-02-09 19:43:08 +0100"
    },
    {
      "hash": "ca627990",
      "message": "Initial plan",
      "date": "2026-02-09 18:41:36 +0000"
    },
    {
      "hash": "fbedc68a",
      "message": "[AUTO] KPI Snapshot 2026-02-09",
      "date": "2026-02-09 18:38:20 +0000"
    },
    {
      "hash": "e8db2905",
      "message": "Merge pull request #51 from mauricepfeifer-ctrl/copilot/automate-request-approvals",
      "date": "2026-02-09 19:22:34 +0100"
    },
    {
      "hash": "a787e1c7",
      "message": "Initial plan",
      "date": "2026-02-09 18:20:40 +0000"
    },
    {
      "hash": "4ce5968f",
      "message": "Merge pull request #47 from mauricepfeifer-ctrl/copilot/general-qa-session",
      "date": "2026-02-09 19:19:52 +0100"
    },
    {
      "hash": "76852d8b",
      "message": "Merge pull request #46 from mauricepfeifer-ctrl/copilot/general-qa-questions",
      "date": "2026-02-09 19:18:54 +0100"
    },
    {
      "hash": "51094b72",
      "message": "Merge pull request #48 from mauricepfeifer-ctrl/copilot/get-gateway-url-token",
      "date": "2026-02-09 19:17:13 +0100"
    }
  ]
}